{"count":1,"self":22.7691216,"total":24.754478,"children":{"InitializeActuators":{"count":12,"self":0.0015949999999999998,"total":0.0015949999999999998,"children":null},"InitializeSensors":{"count":12,"self":0.0014709999999999999,"total":0.0014709999999999999,"children":null},"SimpleIsMoveValid":{"count":2431876,"self":1.479096,"total":1.479096,"children":null},"AgentSendState":{"count":1176,"self":0.0072359999999999994,"total":0.34667899999999996,"children":{"CollectObservations":{"count":148,"self":0.000103,"total":0.000103,"children":null},"WriteActionMask":{"count":148,"self":0.00069699999999999992,"total":0.019681,"children":{"WriteDiscreteActionMask":{"count":148,"self":0.011162,"total":0.018984,"children":{"SimpleIsMoveValid":{"count":13013,"self":0.0078219999999999991,"total":0.0078219999999999991,"children":null}}}}},"RequestDecision":{"count":148,"self":0.31965899999999997,"total":0.31965899999999997,"children":null}}},"DecideAction":{"count":1176,"self":0.144537,"total":0.14721099999999998,"children":{"SimpleIsMoveValid":{"count":4353,"self":0.0026739999999999997,"total":0.0026739999999999997,"children":null}}},"AgentAct":{"count":1176,"self":0.006266,"total":0.009012,"children":{"SimpleIsMoveValid":{"count":4501,"self":0.0027459999999999997,"total":0.0027459999999999997,"children":null}}}},"gauges":{},"metadata":{"timer_format_version":"0.1.0","start_time_seconds":"1683190328","unity_version":"2022.2.5f1","command_line_arguments":"\/Applications\/Unity\/Hub\/Editor\/2022.2.5f1\/Unity.app\/Contents\/MacOS\/Unity -projectpath \/Users\/aiden\/Sources\/go\/ml-agents\/Project -useHub -hubIPC -cloudEnvironment production","communication_protocol_version":"1.5.0","com.unity.ml-agents_version":"2.3.0-exp.4","scene_name":"Match3","end_time_seconds":"1683190353"}}